The Ben Shapiro Show,The Ben Shapiro Show,47.569
Pod Save America,Pod Save America,18.945
Louder with Crowder,Louder with Crowder,22.589
Real Time with Bill Maher,Real Time with Bill Maher,23.151
The Majority Report with Sam Seder,The Majority Report with Sam Seder,26.5
The Rubin Report,The Rubin Report,23.521
Chapo Trap House,Chapo Trap House,24.085
Jordan B Peterson,Jordan B Peterson,23.174
Destiny,Destiny,27.077
Secular Talk,Secular Talk,23.82
Contrapoints,Contrapoints,24.041
The David Pakman Show,The David Pakman Show,26.481
H3 Podcast,H3 Podcast,23.99
The Joe Rogan Experience,The Joe Rogan Experience,24.59
Democracy Now!,Democracy Now!,22.978
The Jimmy Dore Show,The Jimmy Dore Show,24.507
Last Week Tonight with John Oliver,Last Week Tonight with John Oliver,25.331
Human Rights Watch,Human Rights Watch,23.716
hbomberguy,hbomberguy,28.659
Political Gabfest,Political Gabfest,25.418
The Alex Jones Show,The Alex Jones Show,25.907
The Daily,The Daily,24.357
The NPR Politics Podcast,The NPR Politics Podcast,23.587
